<?xml version="1.0" encoding="UTF-8"?>
<document>
  <tag name="!--" />
  <tag allowsKids="false" name="!DOCTYPE" />
  <tag name="a">
    <attributes>
      <attribute>charset</attribute>
      <attribute>coords</attribute>
      <attribute>href</attribute>
      <attribute>hreflang</attribute>
      <attribute>name</attribute>
      <attribute>rel</attribute>
      <attribute>rev</attribute>
      <attribute>shape</attribute>
      <attribute>target</attribute>
      <attribute>type</attribute>
      <attribute>id</attribute>
      <attribute>class</attribute>
      <attribute>title</attribute>
      <attribute>style</attribute>
      <attribute>dir</attribute>
      <attribute>lang</attribute>
      <attribute>xml:lang</attribute>
      <attribute>tabindex</attribute>
      <attribute>accesskey</attribute>
    </attributes>
  </tag>
  <tag name="abbr">
    <attributes>
      <attribute>id</attribute>
      <attribute>class</attribute>
      <attribute>title</attribute>
      <attribute>style</attribute>
      <attribute>dir</attribute>
      <attribute>lang</attribute>
      <attribute>xml:lang</attribute>
    </attributes>
  </tag>
  <tag name="acronym">
    <attributes>
      <attribute>id</attribute>
      <attribute>class</attribute>
      <attribute>title</attribute>
      <attribute>style</attribute>
      <attribute>dir</attribute>
      <attribute>lang</attribute>
      <attribute>xml:lang</attribute>
    </attributes>
  </tag>
  <tag name="address">
    <attributes>
      <attribute>id</attribute>
      <attribute>class</attribute>
      <attribute>title</attribute>
      <attribute>style</attribute>
      <attribute>dir</attribute>
      <attribute>lang</attribute>
      <attribute>xml:lang</attribute>
    </attributes>
  </tag>
  <tag name="area">
    <attributes>
      <attribute required="true">alt</attribute>
      <attribute>coords</attribute>
      <attribute>href</attribute>
      <attribute>nohref</attribute>
      <attribute>shape</attribute>
      <attribute>target</attribute>
      <attribute>id</attribute>
      <attribute>class</attribute>
      <attribute>title</attribute>
      <attribute>style</attribute>
      <attribute>dir</attribute>
      <attribute>lang</attribute>
      <attribute>xml:lang</attribute>
      <attribute>tabindex</attribute>
      <attribute>accesskey</attribute>
    </attributes>
  </tag>
  <tag name="b">
    <attributes>
      <attribute>id</attribute>
      <attribute>class</attribute>
      <attribute>title</attribute>
      <attribute>style</attribute>
      <attribute>dir</attribute>
      <attribute>lang</attribute>
    </attributes>
  </tag>
  <tag name="base">
    <attributes>
      <attribute required="true">href</attribute>
      <attribute>target</attribute>
    </attributes>
  </tag>
  <tag name="bdo">
    <attributes>
      <attribute required="true">dir</attribute>
      <attribute>id</attribute>
      <attribute>class</attribute>
      <attribute>title</attribute>
      <attribute>style</attribute>
      <attribute>lang</attribute>
      <attribute>xml:lang</attribute>
    </attributes>
  </tag>
  <tag name="big">
    <attributes>
      <attribute>id</attribute>
      <attribute>class</attribute>
      <attribute>title</attribute>
      <attribute>style</attribute>
      <attribute>dir</attribute>
      <attribute>lang</attribute>
    </attributes>
  </tag>
  <tag name="blockquote">
    <attributes>
      <attribute>cite</attribute>
      <attribute>id</attribute>
      <attribute>class</attribute>
      <attribute>title</attribute>
      <attribute>style</attribute>
      <attribute>dir</attribute>
      <attribute>lang</attribute>
      <attribute>xml:lang</attribute>
    </attributes>
  </tag>
  <tag name="body">
    <attributes>
      <attribute>alink</attribute>
      <attribute>background</attribute>
      <attribute>bgcolor</attribute>
      <attribute>link</attribute>
      <attribute>text</attribute>
      <attribute>vlink</attribute>
      <attribute>id</attribute>
      <attribute>class</attribute>
      <attribute>title</attribute>
      <attribute>style</attribute>
      <attribute>dir</attribute>
      <attribute>lang</attribute>
      <attribute>xml:lang</attribute>
    </attributes>
  </tag>
  <tag allowsKids="false" name="br">
    <attributes>
      <attribute>id</attribute>
      <attribute>class</attribute>
      <attribute>title</attribute>
      <attribute>style</attribute>
    </attributes>
  </tag>
  <tag name="button">
    <attributes>
      <attribute>disabled</attribute>
      <attribute>name</attribute>
      <attribute>type</attribute>
      <attribute>value</attribute>
      <attribute>id</attribute>
      <attribute>class</attribute>
      <attribute>title</attribute>
      <attribute>style</attribute>
      <attribute>dir</attribute>
      <attribute>lang</attribute>
      <attribute>xml:lang</attribute>
      <attribute>accesskey</attribute>
      <attribute>tabindex</attribute>
    </attributes>
  </tag>
  <tag name="caption">
    <attributes>
      <attribute>id</attribute>
      <attribute>class</attribute>
      <attribute>title</attribute>
      <attribute>style</attribute>
      <attribute>dir</attribute>
      <attribute>lang</attribute>
      <attribute>xml:lang</attribute>
    </attributes>
  </tag>
  <tag name="cite">
    <attributes>
      <attribute>id</attribute>
      <attribute>class</attribute>
      <attribute>title</attribute>
      <attribute>style</attribute>
      <attribute>dir</attribute>
      <attribute>lang</attribute>
      <attribute>xml:lang</attribute>
    </attributes>
  </tag>
  <tag name="code">
    <attributes>
      <attribute>id</attribute>
      <attribute>class</attribute>
      <attribute>title</attribute>
      <attribute>style</attribute>
      <attribute>dir</attribute>
      <attribute>lang</attribute>
      <attribute>xml:lang</attribute>
    </attributes>
  </tag>
  <tag allowsKids="false" name="col">
    <attributes>
      <attribute>align</attribute>
      <attribute>char</attribute>
      <attribute>charoff</attribute>
      <attribute>span</attribute>
      <attribute>valign</attribute>
      <attribute>width</attribute>
      <attribute>id</attribute>
      <attribute>class</attribute>
      <attribute>title</attribute>
      <attribute>style</attribute>
      <attribute>dir</attribute>
      <attribute>lang</attribute>
      <attribute>xml:lang</attribute>
    </attributes>
  </tag>
  <tag name="colgroup">
    <attributes>
      <attribute>align</attribute>
      <attribute>char</attribute>
      <attribute>charoff</attribute>
      <attribute>span</attribute>
      <attribute>valign</attribute>
      <attribute>width</attribute>
      <attribute>id</attribute>
      <attribute>class</attribute>
      <attribute>title</attribute>
      <attribute>style</attribute>
      <attribute>dir</attribute>
      <attribute>lang</attribute>
      <attribute>xml:lang</attribute>
    </attributes>
  </tag>
  <tag name="dd">
    <attributes>
      <attribute>id</attribute>
      <attribute>class</attribute>
      <attribute>title</attribute>
      <attribute>style</attribute>
      <attribute>dir</attribute>
      <attribute>lang</attribute>
      <attribute>xml:lang</attribute>
    </attributes>
  </tag>
  <tag name="del">
    <attributes>
      <attribute>cite</attribute>
      <attribute>datetime</attribute>
      <attribute>id</attribute>
      <attribute>class</attribute>
      <attribute>title</attribute>
      <attribute>style</attribute>
      <attribute>dir</attribute>
      <attribute>lang</attribute>
      <attribute>xml:lang</attribute>
    </attributes>
  </tag>
  <tag name="dfn">
    <attributes>
      <attribute>id</attribute>
      <attribute>class</attribute>
      <attribute>title</attribute>
      <attribute>style</attribute>
      <attribute>dir</attribute>
      <attribute>lang</attribute>
      <attribute>xml:lang</attribute>
    </attributes>
  </tag>
  <tag name="dir">
    <attributes>
      <attribute>compact</attribute>
      <attribute>id</attribute>
      <attribute>class</attribute>
      <attribute>title</attribute>
      <attribute>style</attribute>
      <attribute>dir</attribute>
      <attribute>lang</attribute>
      <attribute>xml:lang</attribute>
    </attributes>
  </tag>
  <tag name="div">
    <attributes>
      <attribute>align</attribute>
      <attribute>id</attribute>
      <attribute>class</attribute>
      <attribute>title</attribute>
      <attribute>style</attribute>
      <attribute>dir</attribute>
      <attribute>lang</attribute>
      <attribute>xml:lang</attribute>
    </attributes>
  </tag>
  <tag name="dl">
    <attributes>
      <attribute>id</attribute>
      <attribute>class</attribute>
      <attribute>title</attribute>
      <attribute>style</attribute>
      <attribute>dir</attribute>
      <attribute>lang</attribute>
      <attribute>xml:lang</attribute>
    </attributes>
  </tag>
  <tag name="dt">
    <attributes>
      <attribute>id</attribute>
      <attribute>class</attribute>
      <attribute>title</attribute>
      <attribute>style</attribute>
      <attribute>dir</attribute>
      <attribute>lang</attribute>
      <attribute>xml:lang</attribute>
    </attributes>
  </tag>
  <tag name="em">
    <attributes>
      <attribute>id</attribute>
      <attribute>class</attribute>
      <attribute>title</attribute>
      <attribute>style</attribute>
      <attribute>dir</attribute>
      <attribute>lang</attribute>
      <attribute>xml:lang</attribute>
    </attributes>
  </tag>
  <tag name="fieldset">
    <attributes>
      <attribute>id</attribute>
      <attribute>class</attribute>
      <attribute>title</attribute>
      <attribute>style</attribute>
      <attribute>dir</attribute>
      <attribute>lang</attribute>
      <attribute>xml:lang</attribute>
    </attributes>
  </tag>
  <tag name="font">
    <attributes>
      <attribute>color</attribute>
      <attribute>face</attribute>
      <attribute>size</attribute>
      <attribute>id</attribute>
      <attribute>class</attribute>
      <attribute>title</attribute>
      <attribute>style</attribute>
      <attribute>dir</attribute>
      <attribute>lang</attribute>
      <attribute>xml:lang</attribute>
    </attributes>
  </tag>
  <tag name="form">
    <attributes>
      <attribute required="true">action</attribute>
      <attribute>accept</attribute>
      <attribute>accept-charset</attribute>
      <attribute>enctype</attribute>
      <attribute>method</attribute>
      <attribute>name</attribute>
      <attribute>target</attribute>
      <attribute>id</attribute>
      <attribute>class</attribute>
      <attribute>title</attribute>
      <attribute>style</attribute>
      <attribute>dir</attribute>
      <attribute>lang</attribute>
      <attribute>xml:lang</attribute>
    </attributes>
  </tag>
  <tag name="frame">
    <attributes>
      <attribute>frameborder</attribute>
      <attribute>longdesc</attribute>
      <attribute>marginheight</attribute>
      <attribute>marginwidth</attribute>
      <attribute>name</attribute>
      <attribute>noresize</attribute>
      <attribute>scrolling</attribute>
      <attribute>src</attribute>
      <attribute>id</attribute>
      <attribute>class</attribute>
      <attribute>title</attribute>
      <attribute>style</attribute>
    </attributes>
  </tag>
  <tag name="frameset">
    <attributes>
      <attribute>cols</attribute>
      <attribute>rows</attribute>
      <attribute>id</attribute>
      <attribute>class</attribute>
      <attribute>title</attribute>
      <attribute>style</attribute>
    </attributes>
  </tag>
  <tag name="head">
    <attributes>
      <attribute>profile</attribute>
      <attribute>dir</attribute>
      <attribute>lang</attribute>
      <attribute>xml:lang</attribute>
    </attributes>
  </tag>
  <tag name="h1">
    <attributes>
      <attribute>align</attribute>
      <attribute>id</attribute>
      <attribute>class</attribute>
      <attribute>title</attribute>
      <attribute>style</attribute>
      <attribute>dir</attribute>
      <attribute>lang</attribute>
      <attribute>xml:lang</attribute>
    </attributes>
  </tag>
  <tag name="h2">
    <attributes>
      <attribute>align</attribute>
      <attribute>id</attribute>
      <attribute>class</attribute>
      <attribute>title</attribute>
      <attribute>style</attribute>
      <attribute>dir</attribute>
      <attribute>lang</attribute>
      <attribute>xml:lang</attribute>
    </attributes>
  </tag>
  <tag name="h3">
    <attributes>
      <attribute>align</attribute>
      <attribute>id</attribute>
      <attribute>class</attribute>
      <attribute>title</attribute>
      <attribute>style</attribute>
      <attribute>dir</attribute>
      <attribute>lang</attribute>
      <attribute>xml:lang</attribute>
    </attributes>
  </tag>
  <tag name="h4">
    <attributes>
      <attribute>align</attribute>
      <attribute>id</attribute>
      <attribute>class</attribute>
      <attribute>title</attribute>
      <attribute>style</attribute>
      <attribute>dir</attribute>
      <attribute>lang</attribute>
      <attribute>xml:lang</attribute>
    </attributes>
  </tag>
  <tag name="h5">
    <attributes>
      <attribute>align</attribute>
      <attribute>id</attribute>
      <attribute>class</attribute>
      <attribute>title</attribute>
      <attribute>style</attribute>
      <attribute>dir</attribute>
      <attribute>lang</attribute>
      <attribute>xml:lang</attribute>
    </attributes>
  </tag>
  <tag name="h6">
    <attributes>
      <attribute>align</attribute>
      <attribute>id</attribute>
      <attribute>class</attribute>
      <attribute>title</attribute>
      <attribute>style</attribute>
      <attribute>dir</attribute>
      <attribute>lang</attribute>
      <attribute>xml:lang</attribute>
    </attributes>
  </tag>
  <tag allowsKids="false" name="hr">
    <attributes>
      <attribute>align</attribute>
      <attribute>noshade</attribute>
      <attribute>size</attribute>
      <attribute>width</attribute>
      <attribute>id</attribute>
      <attribute>class</attribute>
      <attribute>title</attribute>
      <attribute>style</attribute>
      <attribute>dir</attribute>
      <attribute>lang</attribute>
      <attribute>xml:lang</attribute>
    </attributes>
  </tag>
  <tag name="html">
    <attributes>
      <attribute required="true">xmlns</attribute>
      <attribute>dir</attribute>
      <attribute>lang</attribute>
      <attribute>xml:lang</attribute>
    </attributes>
  </tag>
  <tag name="i">
    <attributes>
      <attribute>id</attribute>
      <attribute>class</attribute>
      <attribute>title</attribute>
      <attribute>style</attribute>
      <attribute>dir</attribute>
      <attribute>lang</attribute>
    </attributes>
  </tag>
  <tag allowsKids="false" name="iframe">
    <attributes>
      <attribute>align</attribute>
      <attribute>frameborder</attribute>
      <attribute>height</attribute>
      <attribute>longdesc</attribute>
      <attribute>marginheight</attribute>
      <attribute>marginwidth</attribute>
      <attribute>name</attribute>
      <attribute>scrolling</attribute>
      <attribute>src</attribute>
      <attribute>width</attribute>
      <attribute>id</attribute>
      <attribute>class</attribute>
      <attribute>title</attribute>
      <attribute>style</attribute>
    </attributes>
  </tag>
  <tag allowsKids="false" name="img">
    <attributes>
      <attribute required="true">alt</attribute>
      <attribute required="true">src</attribute>
      <attribute>align</attribute>
      <attribute>border</attribute>
      <attribute>height</attribute>
      <attribute>hspace</attribute>
      <attribute>ismap</attribute>
      <attribute>longdesc</attribute>
      <attribute>usemap</attribute>
      <attribute>vspace</attribute>
      <attribute>width</attribute>
      <attribute>id</attribute>
      <attribute>class</attribute>
      <attribute>title</attribute>
      <attribute>style</attribute>
      <attribute>lang</attribute>
      <attribute>xml:lang</attribute>
    </attributes>
  </tag>
  <tag allowsKids="false" name="input">
    <attributes>
      <attribute>accept</attribute>
      <attribute>align</attribute>
      <attribute>alt</attribute>
      <attribute>checked</attribute>
      <attribute>disabled</attribute>
      <attribute>maxlength</attribute>
      <attribute>name</attribute>
      <attribute>readonly</attribute>
      <attribute>size</attribute>
      <attribute>src</attribute>
      <attribute>type</attribute>
      <attribute>value</attribute>
      <attribute>id</attribute>
      <attribute>class</attribute>
      <attribute>title</attribute>
      <attribute>style</attribute>
      <attribute>dir</attribute>
      <attribute>lang</attribute>
      <attribute>xml:lang</attribute>
    </attributes>
  </tag>
  <tag name="ins">
    <attributes>
      <attribute>cite</attribute>
      <attribute>datetime</attribute>
      <attribute>id</attribute>
      <attribute>class</attribute>
      <attribute>title</attribute>
      <attribute>style</attribute>
      <attribute>dir</attribute>
      <attribute>lang</attribute>
      <attribute>xml:lang</attribute>
    </attributes>
  </tag>
  <tag name="kbd">
    <attributes>
      <attribute>id</attribute>
      <attribute>class</attribute>
      <attribute>title</attribute>
      <attribute>style</attribute>
      <attribute>dir</attribute>
      <attribute>lang</attribute>
      <attribute>xml:lang</attribute>
    </attributes>
  </tag>
  <tag name="label">
    <attributes>
      <attribute>for</attribute>
      <attribute>id</attribute>
      <attribute>class</attribute>
      <attribute>title</attribute>
      <attribute>style</attribute>
      <attribute>dir</attribute>
      <attribute>lang</attribute>
      <attribute>xml:lang</attribute>
    </attributes>
  </tag>
  <tag name="li">
    <attributes>
      <attribute>type</attribute>
      <attribute>value</attribute>
      <attribute>id</attribute>
      <attribute>class</attribute>
      <attribute>title</attribute>
      <attribute>style</attribute>
      <attribute>dir</attribute>
      <attribute>lang</attribute>
      <attribute>xml:lang</attribute>
    </attributes>
  </tag>
  <tag name="link">
    <attributes>
      <attribute>charset</attribute>
      <attribute>href</attribute>
      <attribute>hreflang</attribute>
      <attribute>media</attribute>
      <attribute>rel</attribute>
      <attribute>rev</attribute>
      <attribute>target</attribute>
      <attribute>type</attribute>
      <attribute>id</attribute>
      <attribute>class</attribute>
      <attribute>title</attribute>
      <attribute>style</attribute>
      <attribute>dir</attribute>
      <attribute>lang</attribute>
      <attribute>xml:lang</attribute>
    </attributes>
  </tag>
  <tag name="map">
    <attributes>
      <attribute required="true">id</attribute>
      <attribute>name</attribute>
      <attribute>class</attribute>
      <attribute>title</attribute>
      <attribute>style</attribute>
      <attribute>dir</attribute>
      <attribute>lang</attribute>
      <attribute>xml:lang</attribute>
    </attributes>
  </tag>
  <tag name="meta">
    <attributes>
      <attribute required="true">content</attribute>
      <attribute>http-equiv</attribute>
      <attribute>name</attribute>
      <attribute>scheme</attribute>
      <attribute>dir</attribute>
      <attribute>lang</attribute>
      <attribute>xml:lang</attribute>
    </attributes>
  </tag>
  <tag name="noframes">
    <attributes>
      <attribute>id</attribute>
      <attribute>class</attribute>
      <attribute>title</attribute>
      <attribute>style</attribute>
      <attribute>dir</attribute>
      <attribute>lang</attribute>
      <attribute>xml:lang</attribute>
    </attributes>
  </tag>
  <tag name="noscript">
    <attributes>
      <attribute>id</attribute>
      <attribute>class</attribute>
      <attribute>title</attribute>
      <attribute>style</attribute>
      <attribute>dir</attribute>
      <attribute>lang</attribute>
      <attribute>xml:lang</attribute>
    </attributes>
  </tag>
  <tag name="object">
    <attributes>
      <attribute>align</attribute>
      <attribute>archive</attribute>
      <attribute>border</attribute>
      <attribute>classid</attribute>
      <attribute>codebase</attribute>
      <attribute>codetype</attribute>
      <attribute>data</attribute>
      <attribute>declare</attribute>
      <attribute>height</attribute>
      <attribute>hspace</attribute>
      <attribute>name</attribute>
      <attribute>standby</attribute>
      <attribute>type</attribute>
      <attribute>usemap</attribute>
      <attribute>vspace</attribute>
      <attribute>width</attribute>
      <attribute>id</attribute>
      <attribute>class</attribute>
      <attribute>title</attribute>
      <attribute>style</attribute>
      <attribute>dir</attribute>
      <attribute>lang</attribute>
      <attribute>xml:lang</attribute>
    </attributes>
  </tag>
  <tag name="ol">
    <attributes>
      <attribute>compact</attribute>
      <attribute>start</attribute>
      <attribute>type</attribute>
      <attribute>id</attribute>
      <attribute>class</attribute>
      <attribute>title</attribute>
      <attribute>style</attribute>
      <attribute>dir</attribute>
      <attribute>lang</attribute>
      <attribute>xml:lang</attribute>
    </attributes>
  </tag>
  <tag name="optgroup">
    <attributes>
      <attribute required="true">label</attribute>
      <attribute>disabled</attribute>
      <attribute>id</attribute>
      <attribute>class</attribute>
      <attribute>title</attribute>
      <attribute>style</attribute>
      <attribute>dir</attribute>
      <attribute>lang</attribute>
      <attribute>xml:lang</attribute>
    </attributes>
  </tag>
  <tag name="option">
    <attributes>
      <attribute>disabled</attribute>
      <attribute>label</attribute>
      <attribute>selected</attribute>
      <attribute>value</attribute>
      <attribute>id</attribute>
      <attribute>class</attribute>
      <attribute>title</attribute>
      <attribute>style</attribute>
      <attribute>dir</attribute>
      <attribute>lang</attribute>
      <attribute>xml:lang</attribute>
      <attribute>tabindex</attribute>
    </attributes>
  </tag>
  <tag name="p">
    <attributes>
      <attribute>align</attribute>
      <attribute>id</attribute>
      <attribute>class</attribute>
      <attribute>title</attribute>
      <attribute>style</attribute>
      <attribute>dir</attribute>
      <attribute>lang</attribute>
      <attribute>xml:lang</attribute>
    </attributes>
  </tag>
  <tag allowsKids="false" name="param">
    <attributes>
      <attribute required="true">name</attribute>
      <attribute>type</attribute>
      <attribute>value</attribute>
      <attribute>valuetype</attribute>
      <attribute>id</attribute>
    </attributes>
  </tag>
  <tag name="pre">
    <attributes>
      <attribute>width</attribute>
      <attribute>id</attribute>
      <attribute>class</attribute>
      <attribute>title</attribute>
      <attribute>style</attribute>
      <attribute>dir</attribute>
      <attribute>lang</attribute>
      <attribute>xml:lang</attribute>
      <attribute>xmlspace</attribute>
    </attributes>
  </tag>
  <tag name="q">
    <attributes>
      <attribute>cite</attribute>
      <attribute>id</attribute>
      <attribute>class</attribute>
      <attribute>title</attribute>
      <attribute>style</attribute>
      <attribute>dir</attribute>
      <attribute>lang</attribute>
      <attribute>xml:lang</attribute>
    </attributes>
  </tag>
  <tag name="s">
    <attributes>
      <attribute>id</attribute>
      <attribute>class</attribute>
      <attribute>title</attribute>
      <attribute>style</attribute>
      <attribute>dir</attribute>
      <attribute>lang</attribute>
      <attribute>xml:lang</attribute>
    </attributes>
  </tag>
  <tag name="samp">
    <attributes>
      <attribute>id</attribute>
      <attribute>class</attribute>
      <attribute>title</attribute>
      <attribute>style</attribute>
      <attribute>dir</attribute>
      <attribute>lang</attribute>
      <attribute>xml:lang</attribute>
    </attributes>
  </tag>
  <tag name="script">
    <attributes>
      <attribute required="true">type</attribute>
      <attribute>charset</attribute>
      <attribute>defer</attribute>
      <attribute>language</attribute>
      <attribute>src</attribute>
      <attribute>xmlspace</attribute>
    </attributes>
  </tag>
  <tag name="select">
    <attributes>
      <attribute>disabled</attribute>
      <attribute>multiple</attribute>
      <attribute>name</attribute>
      <attribute>size</attribute>
      <attribute>id</attribute>
      <attribute>class</attribute>
      <attribute>title</attribute>
      <attribute>style</attribute>
      <attribute>dir</attribute>
      <attribute>lang</attribute>
      <attribute>xml:lang</attribute>
      <attribute>accesskey</attribute>
      <attribute>tabindex</attribute>
    </attributes>
  </tag>
  <tag name="small">
    <attributes>
      <attribute>id</attribute>
      <attribute>class</attribute>
      <attribute>title</attribute>
      <attribute>style</attribute>
      <attribute>dir</attribute>
      <attribute>lang</attribute>
    </attributes>
  </tag>
  <tag name="span">
    <attributes>
      <attribute>id</attribute>
      <attribute>class</attribute>
      <attribute>title</attribute>
      <attribute>style</attribute>
      <attribute>dir</attribute>
      <attribute>lang</attribute>
      <attribute>xml:lang</attribute>
    </attributes>
  </tag>
  <tag name="strike">
    <attributes>
      <attribute>id</attribute>
      <attribute>class</attribute>
      <attribute>title</attribute>
      <attribute>style</attribute>
      <attribute>dir</attribute>
      <attribute>lang</attribute>
      <attribute>xml:lang</attribute>
    </attributes>
  </tag>
  <tag name="strong">
    <attributes>
      <attribute>d</attribute>
      <attribute>class</attribute>
      <attribute>title</attribute>
      <attribute>style</attribute>
      <attribute>dir</attribute>
      <attribute>lang</attribute>
      <attribute>xml:lang</attribute>
    </attributes>
  </tag>
  <tag name="style">
    <attributes>
      <attribute required="true">type</attribute>
      <attribute>media</attribute>
      <attribute>title</attribute>
      <attribute>dir</attribute>
      <attribute>lang</attribute>
      <attribute>xmlspace</attribute>
    </attributes>
  </tag>
  <tag name="sub">
    <attributes>
      <attribute>id</attribute>
      <attribute>class</attribute>
      <attribute>title</attribute>
      <attribute>style</attribute>
      <attribute>dir</attribute>
      <attribute>lang</attribute>
      <attribute>xml:lang</attribute>
    </attributes>
  </tag>
  <tag name="sup">
    <attributes>
      <attribute>id</attribute>
      <attribute>class</attribute>
      <attribute>title</attribute>
      <attribute>style</attribute>
      <attribute>dir</attribute>
      <attribute>lang</attribute>
      <attribute>xml:lang</attribute>
    </attributes>
  </tag>
  <tag name="table">
    <attributes>
      <attribute>align</attribute>
      <attribute>bgcolor</attribute>
      <attribute>border</attribute>
      <attribute>cellpadding</attribute>
      <attribute>cellspacing</attribute>
      <attribute>frame</attribute>
      <attribute>rules</attribute>
      <attribute>summary</attribute>
      <attribute>width</attribute>
      <attribute>id</attribute>
      <attribute>class</attribute>
      <attribute>title</attribute>
      <attribute>style</attribute>
      <attribute>dir</attribute>
      <attribute>lang</attribute>
      <attribute>xml:lang</attribute>
    </attributes>
  </tag>
  <tag name="tbody">
    <attributes>
      <attribute>align</attribute>
      <attribute>char</attribute>
      <attribute>charoff</attribute>
      <attribute>valign</attribute>
      <attribute>id</attribute>
      <attribute>class</attribute>
      <attribute>title</attribute>
      <attribute>style</attribute>
      <attribute>dir</attribute>
      <attribute>lang</attribute>
      <attribute>xml:lang</attribute>
    </attributes>
  </tag>
  <tag name="td">
    <attributes>
      <attribute>abbr</attribute>
      <attribute>align</attribute>
      <attribute>axis</attribute>
      <attribute>bgcolor</attribute>
      <attribute>char</attribute>
      <attribute>charoff</attribute>
      <attribute>colspan</attribute>
      <attribute>headers</attribute>
      <attribute>height</attribute>
      <attribute>nowrap</attribute>
      <attribute>rowspan</attribute>
      <attribute>scope</attribute>
      <attribute>valign</attribute>
      <attribute>width</attribute>
      <attribute>id</attribute>
      <attribute>class</attribute>
      <attribute>title</attribute>
      <attribute>style</attribute>
      <attribute>dir</attribute>
      <attribute>lang</attribute>
      <attribute>xml:lang</attribute>
    </attributes>
  </tag>
  <tag name="textarea">
    <attributes>
      <attribute required="true">cols</attribute>
      <attribute required="true">rows</attribute>
      <attribute>disabled</attribute>
      <attribute>name</attribute>
      <attribute>readonly</attribute>
      <attribute>id</attribute>
      <attribute>class</attribute>
      <attribute>title</attribute>
      <attribute>style</attribute>
      <attribute>dir</attribute>
      <attribute>lang</attribute>
      <attribute>xml:lang</attribute>
      <attribute>tabindex</attribute>
      <attribute>accesskey</attribute>
    </attributes>
  </tag>
  <tag name="tfoot">
    <attributes>
      <attribute>align</attribute>
      <attribute>char</attribute>
      <attribute>charoff</attribute>
      <attribute>valign</attribute>
      <attribute>id</attribute>
      <attribute>class</attribute>
      <attribute>title</attribute>
      <attribute>style</attribute>
      <attribute>dir</attribute>
      <attribute>lang</attribute>
      <attribute>xml:lang</attribute>
    </attributes>
  </tag>
  <tag name="th">
    <attributes>
      <attribute>abbr</attribute>
      <attribute>align</attribute>
      <attribute>axis</attribute>
      <attribute>bgcolor</attribute>
      <attribute>char</attribute>
      <attribute>charoff</attribute>
      <attribute>colspan</attribute>
      <attribute>headers</attribute>
      <attribute>height</attribute>
      <attribute>nowrap</attribute>
      <attribute>rowspan</attribute>
      <attribute>scope</attribute>
      <attribute>valign</attribute>
      <attribute>width</attribute>
      <attribute>id</attribute>
      <attribute>class</attribute>
      <attribute>title</attribute>
      <attribute>style</attribute>
      <attribute>dir</attribute>
      <attribute>lang</attribute>
      <attribute>xml:lang</attribute>
    </attributes>
  </tag>
  <tag name="thead">
    <attributes>
      <attribute>align</attribute>
      <attribute>char</attribute>
      <attribute>charoff</attribute>
      <attribute>valign</attribute>
      <attribute>id</attribute>
      <attribute>class</attribute>
      <attribute>title</attribute>
      <attribute>style</attribute>
      <attribute>dir</attribute>
      <attribute>lang</attribute>
      <attribute>xml:lang</attribute>
    </attributes>
  </tag>
  <tag name="title">
    <attributes>
      <attribute>id</attribute>
      <attribute>class</attribute>
      <attribute>dir</attribute>
      <attribute>lang</attribute>
      <attribute>style</attribute>
      <attribute>xml:lang</attribute>
    </attributes>
  </tag>
  <tag name="tr">
    <attributes>
      <attribute>align</attribute>
      <attribute>bgcolor</attribute>
      <attribute>char</attribute>
      <attribute>charoff</attribute>
      <attribute>valign</attribute>
      <attribute>id</attribute>
      <attribute>class</attribute>
      <attribute>title</attribute>
      <attribute>style</attribute>
      <attribute>dir</attribute>
      <attribute>lang</attribute>
      <attribute>xml:lang</attribute>
    </attributes>
  </tag>
  <tag name="tt">
    <attributes>
      <attribute>id</attribute>
      <attribute>class</attribute>
      <attribute>title</attribute>
      <attribute>style</attribute>
      <attribute>dir</attribute>
      <attribute>lang</attribute>
    </attributes>
  </tag>
  <tag name="u">
    <attributes>
      <attribute>id</attribute>
      <attribute>class</attribute>
      <attribute>title</attribute>
      <attribute>style</attribute>
      <attribute>dir</attribute>
      <attribute>lang</attribute>
      <attribute>xml:lang</attribute>
    </attributes>
  </tag>
  <tag name="ul">
    <attributes>
      <attribute>compact</attribute>
      <attribute>type</attribute>
      <attribute>id</attribute>
      <attribute>class</attribute>
      <attribute>title</attribute>
      <attribute>style</attribute>
      <attribute>dir</attribute>
      <attribute>lang</attribute>
      <attribute>xml:lang</attribute>
    </attributes>
  </tag>
  <tag name="var">
    <attributes>
      <attribute>id</attribute>
      <attribute>class</attribute>
      <attribute>title</attribute>
      <attribute>style</attribute>
      <attribute>dir</attribute>
      <attribute>lang</attribute>
      <attribute>xml:lang</attribute>
    </attributes>
  </tag>
</document>

